Peptide_seq,Predicted_Scores,Predicted_Labels
ILLAELEQL,0.982902181148529,binding
ELMESRMRI,0.6781631231307983,binding
VLMIKALEL,0.9918652296066284,binding
KLQEMEGTV,0.959899652004242,binding
YTYSGLFCV,0.9659698128700256,binding
ELAAHQKKI,0.22358861565589905,non-binding
GLRALRETL,0.9452677726745605,binding
ALAPSTMKI,0.9148561239242554,binding
RLAVYIDKV,0.9733134746551514,binding
ILDIAGFEI,0.9081841826438903,binding
ALKRAQSEL,0.8567664384841919,binding
GLKSKTHAV,0.8962401628494263,binding
QLLQANPIL,0.7893281221389771,binding
GLLRVISGV,0.9287115812301636,binding
MMAKEEELV,0.9883424043655396,binding
GLTADARLL,0.8252211570739746,binding
FMDGKQACV,0.965407133102417,binding
GLIYTYSGL,0.9925976037979126,binding
FAIEALAKA,0.7454894423484802,binding
TLLGDGPVV,0.38410747051239014,non-binding
SLSSQLSNL,0.9938086748123169,binding
KLQVELDNV,0.9736525297164917,binding
QLEELEDEL,0.9593576669692994,binding
WLMKNMDPL,0.9877456665039063,binding
SLAGGIIGV,0.9871578693389893,binding
SLQEEIAFL,0.9855519294738769,binding
EMPPHIYAI,0.8520906090736389,binding
YIVGANIET,0.19916059374809264,non-binding
QLFNHTMFI,0.973646342754364,binding
YLYVDKNFI,0.9802455306053162,binding
QLAKLMATL,0.9842019557952881,binding
GMGQKDSYV,0.9721663117408752,binding
QLNDYEQLL,0.9701423645019531,binding
LQDSVDFSL,0.9239750385284424,binding
TIWAANAGV,0.8617499232292175,binding
KLKDVLLQV,0.9826362252235412,binding
QLMAEKLQL,0.9520338892936706,binding
ILDSVGIEA,0.6273646116256714,binding
SLIGSKTQI,0.6767764031887055,binding
YVASYLLAA,0.8361876487731934,binding
QLPLESDAV,0.6559017896652222,binding
FLSNGHVTI,0.994323480129242,binding
FMECNLNEL,0.9886929512023925,binding
NLAEDIMRL,0.9859334230422974,binding
RLRSSVPGV,0.852863883972168,binding
KVIQYLAYV,0.9704679131507874,binding
FLGMESCGI,0.9741589069366455,binding
RLEARIAQL,0.8234212636947632,binding
FVFDRPLPV,0.9895539879798889,binding
QLLDVKLAL,0.8454999327659607,binding
RMQKEITAL,0.6456454575061799,binding
AMYVAIQAV,0.9390253901481629,binding
EMDKDDESL,0.283920893073082,non-binding
SLNLRETNL,0.9868342280387878,binding
DLTTKNVSI,0.4099472165107727,non-binding
